,precision,recall,f1-score
0,0.4927536231884058,0.3953488372093023,0.43870967741935485
1,0.8567493112947658,0.8988439306358381,0.8772919605077574
accuracy,0.7986111111111112,0.7986111111111112,0.7986111111111112
macro avg,0.6747514672415859,0.6470963839225702,0.6580008189635561
weighted avg,0.7842872067180366,0.7986111111111112,0.7899815985966403
