,precision,recall,f1-score
0,0.5573770491803278,0.3953488372093023,0.46258503401360546
1,0.8598382749326146,0.9219653179190751,0.8898186889818689
accuracy,0.8171296296296297,0.8171296296296297,0.8171296296296297
macro avg,0.7086076620564712,0.6586570775641887,0.6762018614977372
weighted avg,0.7996260864726685,0.8171296296296297,0.8047675447057794
