,precision,recall,f1-score
0,1.0,0.03488372093023256,0.06741573033707865
1,0.8065268065268065,1.0,0.8929032258064517
accuracy,0.8078703703703703,0.8078703703703703,0.8078703703703703
macro avg,0.9032634032634033,0.5174418604651163,0.4801594780717652
weighted avg,0.8450423033756367,0.8078703703703703,0.7285700669861598
