,precision,recall,f1-score
0,0.42857142857142855,0.313953488372093,0.3624161073825503
1,0.8401084010840109,0.8959537572254336,0.8671328671328671
accuracy,0.7800925925925926,0.7800925925925926,0.7800925925925926
macro avg,0.6343399148277197,0.6049536227987633,0.6147744872577087
weighted avg,0.7581820593338208,0.7800925925925926,0.7666568455159058
