,precision,recall,f1-score
0,0.7861635220125787,0.7352941176470589,0.7598784194528876
1,0.7513812154696132,0.8,0.7749287749287749
accuracy,0.7676470588235295,0.7676470588235295,0.7676470588235295
macro avg,0.7687723687410959,0.7676470588235295,0.7674035971908313
weighted avg,0.768772368741096,0.7676470588235295,0.7674035971908311
