,precision,recall,f1-score
0,0.8019169329073482,0.7382352941176471,0.7687595712098009
1,0.7574931880108992,0.8176470588235294,0.7864214992927864
accuracy,0.7779411764705882,0.7779411764705882,0.7779411764705882
macro avg,0.7797050604591237,0.7779411764705882,0.7775905352512936
weighted avg,0.7797050604591237,0.7779411764705882,0.7775905352512937
