,precision,recall,f1-score
0,0.8610271903323263,0.8382352941176471,0.849478390461997
1,0.8424068767908309,0.8647058823529412,0.8534107402031931
accuracy,0.8514705882352941,0.8514705882352941,0.8514705882352941
macro avg,0.8517170335615787,0.8514705882352942,0.851444565332595
weighted avg,0.8517170335615786,0.8514705882352941,0.8514445653325949
