,precision,recall,f1-score
0,0.8852941176470588,0.8852941176470588,0.8852941176470588
1,0.8852941176470588,0.8852941176470588,0.8852941176470588
accuracy,0.8852941176470588,0.8852941176470588,0.8852941176470588
macro avg,0.8852941176470588,0.8852941176470588,0.8852941176470588
weighted avg,0.8852941176470588,0.8852941176470588,0.8852941176470588
